Workbook

Sheet 드립백 패키지
A1: 카페쇼 드립백 패키지 원가·이익 (2026-10-06)
A2: 노란 칸(파란 글씨)만 바꾸면 다시 계산돼요. 원가 숫자는 대표님 자료(10/6).
A4: 원두(20g) | B4: 원두값 | C4: 봉투+필터 | D4: 작업비 | E4: 드립백 1개 원가
A5: 허벌 블렌드 | B5: 1037 | C5: 209 | D5: 11 | E5: =SUM(B5:D5) | F5: 10/28 수정: 싱글 게이샤(1,253) → 허벌 블렌드. 추정: 생두 (52,000×0.67 + 28,000×0.33) ÷ 0.85 = 51,859원/kg × 20g (원두주문_덤_이익.xlsx와 같은 가정)
A6: 구수 | B6: 313 | C6: 209 | D6: 11 | E6: =SUM(B6:D6)
A7: 코스모스 | B7: 559 | C7: 209 | D7: 11 | E7: =SUM(B7:D7)
A8: 보통 | B8: 304 | C8: 209 | D8: 11 | E8: =SUM(B8:D8)
A9: 합계 (4개 = 1패키지) | B9: =SUM(B5:B8) | C9: =SUM(C5:C8) | D9: =SUM(D5:D8) | E9: =SUM(E5:E8)
A11: 패키지·가격
A12: 포장 원가(무지 박스 + 보자기, 1세트) | B12: ='포장 원가'!D11 | C12: 포장 원가 시트에서 계산(박스 + 보자기 + 인쇄, 공급가액, 10/21)
A13: 정가(드립백 4개 + 포장) | B13: 12000 | C13: 대표님 10/6: 2,500원×4 + 포장 2,000원
A14: 카페쇼 할인가 | B14: 10000 | C14: 대표님 10/6 제안
A15: 준비 수량(세트) | B15: 500 | C15: 대표님 10/6
A16: 과세 유형: 부가세 포함가면 1 | B16: 1 | C16: 가정: 일반과세자(판매가에 부가세 10% 포함). 간이과세면 세무사 확인
A17: 1세트 기준
A18: 1세트 원가(드립백 4개 + 포장) | B18: =E9+B12
A19: 할인율 | B19: =1-B14/B13
A20: 할인가의 공급가액 | B20: =IF(B16=1,ROUND(B14/1.1,0),B14)
A21: 할인가의 부가세 | B21: =B14-B20
A22: 1세트 이익(공급가액 − 원가) | B22: =B20-B18
A23: 1세트 이익률(공급가액 기준) | B23: =IF(B20=0,0,B22/B20)
A25: 전량 판매 시 (준비 수량 기준)
A26: 매출(부가세 포함) | B26: =B14*B15
A27: 부가세(납부 예정) | B27: =B21*B15
A28: 원가 합계 | B28: =B18*B15
A29: 이익 | B29: =B22*B15
A31: ※ 포장 원가는 10/21 견적·주문 기준이에요.
A32: ※ 부스비·인건비·시음 원가 등은 넣지 않은 드립백 세트만의 계산이에요.

Sheet 포장 원가
A1: 드립백 세트 포장 원가 (10/21 견적·주문)
A2: 금액은 업체가 보낸 값 그대로. 공급가액 = 부가세 포함 ÷ 1.1
A4: 품목 | B4: 수량 | C4: 부가세 포함(원) | D4: 공급가액(원) | E4: 근거
A5: 드립백 박스(화이트 슬리브 상자) | B5: 500 | C5: 260000 | D5: =ROUND(C5/1.1,0) | E5: 메이크팩 주문 260,000원. 추정: 스토어 가격이 부가세 포함이라고 봄
A6: 광목 60수 보자기 50×50(파랑 테두리) | B6: 500 | C6: =700000*1.1 | D6: 700000 | E6: 티엔와이컴퍼니 견적: 500장×1,400원 (공급가)
A7: 보자기 인쇄 1도 실크스크린 10×10 | B7: 500 | C7: =125000*1.1 | D7: 125000 | E7: 500장×250원 (공급가)
A9: 합계 | C9: =C5+C6+C7 | D9: =D5+D6+D7 | E9: 보자기 907,500원(부가세 포함, 견적서와 일치) + 박스 260,000원
A11: 1세트 포장 원가(공급가액) | D11: =ROUND(D9/B5,0) | E11: '드립백 패키지' 시트 B12에 연결
A12: 1세트 포장 원가(부가세 포함) | C12: =ROUND(C9/B5,0)

Sheet 원두 소요량
A1: 드립백 500세트 원두 소요량
A3: 로스팅 손실률 | B3: 0.15 | C3: 추정: 일반적인 범위로 넣은 값. 실제 로스팅 손실률로 바꿔 주세요
A4: 드립백 1개 원두량(g) | B4: 20
A6: 원두 | B6: 개수 | C6: 원두(kg) | D6: 생두 환산(kg)
A7: 허벌 블렌드 | B7: ='드립백 패키지'!$B$15 | C7: =B7*$B$4/1000 | D7: =C7/(1-$B$3)
A8: 구수 | B8: ='드립백 패키지'!$B$15 | C8: =B8*$B$4/1000 | D8: =C8/(1-$B$3)
A9: 코스모스 | B9: ='드립백 패키지'!$B$15 | C9: =B9*$B$4/1000 | D9: =C9/(1-$B$3)
A10: 보통 | B10: ='드립백 패키지'!$B$15 | C10: =B10*$B$4/1000 | D10: =C10/(1-$B$3)
A11: 합계 | B11: =SUM(B7:B10) | C11: =SUM(C7:C10) | D11: =SUM(D7:D10)
A13: 드립백 생산 개수 = 세트 × 4 (11/3~7 생산 기간 안에 끝내야 해요)
A14: 드립백 총 개수 | B14: =B11
A16: 허벌 생두 나누기(배합 67:33): 게이샤 = D7×0.67, 카투라 = D7×0.33 | B16: =ROUND(D7*0.67,2) | C16: =ROUND(D7*0.33,2) | D16: ← 게이샤 kg / 카투라 kg

Sheet 구수 라떼
A1: 구수 라떼 배합량
A3: 에스프레소 1샷(g) | B3: 41 | C3: 대표님 10/6: 20g 도징 → 41g 추출
A4: 우유 1회분(g) | B4: 280 | C4: 대표님 10/6
A5: 한 통 배합 수 | B5: 20 | C5: 대표님 10/6
A6: 하루 손님 수(명) | B6: 240 | C6: 처리량_계산.xlsx 최대치(토 180)
A7: 리필 받는 비율 | B7: 0.3 | C7: 추정: 처리량 계산과 같은 가정
A8: 1잔 양(g) | B8: 30 | C8: 추정: 처리량 계산과 같은 가정
A10: 한 통 무게(kg) | B10: =(B3+B4)*B5/1000
A11: 에스프레소 : 우유 비율 (1 : ?) | B11: =B4/B3
A12: 하루 필요량(kg, 리필 포함) | B12: =B6*(1+B7)*B8/1000
A13: 하루 필요한 통 수 | B13: =B12/B10
A14: 하루 에스프레소 샷 수 | B14: =ROUNDUP(B13,0)*B5
A16: ※ 설탕량은 아직 정해지지 않아 넣지 않았어요. 정해지면 행을 추가할게요.
A17: ※ 1잔 30g은 무게 기준 추정이에요(라떼는 ml와 g가 거의 같아요).
